-- === SCHEMA ===
CREATE TABLE Customers (
    CustomerID INT PRIMARY KEY,
    Name VARCHAR(100),
    Region VARCHAR(50)
);

CREATE TABLE Products (
    ProductID INT PRIMARY KEY,
    ProductName VARCHAR(100),
    Category VARCHAR(50),
    Price DECIMAL(10, 2)
);

CREATE TABLE Orders (
    OrderID INT PRIMARY KEY,
    CustomerID INT,
    OrderDate DATE,
    FOREIGN KEY (CustomerID) REFERENCES Customers(CustomerID)
);

CREATE TABLE OrderDetails (
    OrderDetailID INT PRIMARY KEY,
    OrderID INT,
    ProductID INT,
    Quantity INT,
    FOREIGN KEY (OrderID) REFERENCES Orders(OrderID),
    FOREIGN KEY (ProductID) REFERENCES Products(ProductID)
);

-- === SAMPLE DATA ===
INSERT INTO Customers VALUES
(1, 'Alice', 'North'),
(2, 'Bob', 'South'),
(3, 'Charlie', 'East'),
(4, 'David', 'West');

INSERT INTO Products VALUES
(1, 'Laptop', 'Electronics', 1200.00),
(2, 'Smartphone', 'Electronics', 800.00),
(3, 'Tablet', 'Electronics', 600.00),
(4, 'Headphones', 'Accessories', 150.00);

INSERT INTO Orders VALUES
(1, 1, '2023-01-15'),
(2, 2, '2023-02-20'),
(3, 3, '2023-03-25'),
(4, 4, '2023-04-30');

INSERT INTO OrderDetails VALUES
(1, 1, 1, 1),
(2, 2, 2, 2),
(3, 3, 3, 1),
(4, 4, 4, 3);

-- === INDEX CREATION ===

-- Non-clustered index on ProductName
CREATE INDEX idx_productname ON Products(ProductName);

-- Composite index on Orders
CREATE INDEX idx_customer_orderdate ON Orders(CustomerID, OrderDate);


-- Exercise 1: Non-clustered index on ProductName
SELECT * FROM Products WHERE ProductName = 'Laptop';

-- Exercise 2: Query on OrderDate (will use clustered PK implicitly)
SELECT * FROM Orders WHERE OrderDate = '2023-01-15';

-- Exercise 3: Query using composite index
SELECT * FROM Orders WHERE CustomerID = 1 AND OrderDate = '2023-01-15';
